NUMÉRO;NOM;REGION;CHEF LIEU;SUPERFICIE (km²);POPULATION;DENSITE (habitants/km2)
1;Ain;Auvergne-Rhône-Alpes;Bourg-en-Bresse;5762;631877;1097
2;Aisne;Hauts-de-France;Laon;7369;538659;731
3;Allier;Auvergne-Rhône-Alpes;Moulins;7340;341613;465
4;Alpes-de-Haute-Provence;Provence-Alpes-Côte d'Azur;Digne;6925;161799;234
5;Hautes-Alpes;Provence-Alpes-Côte d'Azur;Gap;5549;140916;254
6;Alpes-Maritimes;Provence-Alpes-Côte d'Azur;Nice;4299;1082440;2518
7;Ardèche;Auvergne-Rhône-Alpes;Privas;5529;324209;586
8;Ardennes;Grand Est;Charleville-Mézières;5229;277752;531
9;Ariège;Occitanie;Foix;4890;152499;312
10;Aube;Grand Est;Troyes;6004;309056;515
11;Aude;Occitanie;Carcassonne;6139;366957;598
12;Aveyron;Occitanie;Rodez;8735;279169;32
13;Bouches-du-Rhône;Provence-Alpes-Côte d'Azur;Marseille;5088;2016622;3964
14;Calvados;Normandie;Caen;5548;693579;125
15;Cantal;Auvergne-Rhône-Alpes;Aurillac;5726;146219;255
16;Charente;Nouvelle-Aquitaine;Angoulême;5956;353613;594
17;Charente-Maritime;Nouvelle-Aquitaine;La Rochelle;6864;639938;932
18;Cher;Centre-Val de Loire;Bourges;7235;308992;427
19;Corrèze;Nouvelle-Aquitaine;Tulle;5857;241871;413
2A;Corse-du-Sud;Corse;Ajaccio;4014;152730;38
2B;Haute-Corse;Corse;Bastia;4666;174553;374
21;Côte-d'Or;Bourgogne-Franche-Comté;Dijon;8763;533147;608
22;Côtes d'Armor;Bretagne;Saint-Brieuc;6878;598357;87
23;Creuse;Nouvelle-Aquitaine;Guéret;5565;120365;216
24;Dordogne;Nouvelle-Aquitaine;Périgueux;9060;415417;459
25;Doubs;Bourgogne-Franche-Comté;Besançon;5233;536959;1026
26;Drôme;Auvergne-Rhône-Alpes;Valence;6530;504637;773
27;Eure;Normandie;Évreux;6040;601948;997
28;Eure-et-Loir;Centre-Val de Loire;Chartres;5880;434035;738
29;Finistère;Bretagne;Quimper;6733;907796;1348
30;Gard;Occitanie;Nîmes;5853;738189;1261
31;Haute-Garonne;Occitanie;Toulouse;6309;1335103;2116
32;Gers;Occitanie;Auch;6257;190932;305
33;Gironde;Nouvelle-Aquitaine;Bordeaux;9976;1548478;1552
34;Hérault;Occitanie;Montpellier;6101;1120190;1836
35;Ille-et-Vilaine;Bretagne;Rennes;6775;1042884;1539
36;Indre;Centre-Val de Loire;Châteauroux;6791;224200;33
37;Indre-et-Loire;Centre-Val de Loire;Tours;6127;604966;987
38;Isère;Auvergne-Rhône-Alpes;Grenoble;7432;1251060;1683
39;Jura;Bourgogne-Franche-Comté;Lons-le-Saunier;4999;260587;521
40;Landes;Nouvelle-Aquitaine;Mont-de-Marsan;9243;403234;436
41;Loir-et-Cher;Centre-Val de Loire;Blois;6343;333050;525
42;Loire;Auvergne-Rhône-Alpes;Saint-Étienne;4781;759411;1589
43;Haute-Loire;Auvergne-Rhône-Alpes;Le Puy-en-Velay;4977;227034;456
44;Loire-Atlantique;Pays de la Loire;Nantes;6809;1365227;2005
45;Loiret;Centre-Val de Loire;Orléans;6775;673349;994
46;Lot;Occitanie;Cahors;5217;173400;332
47;Lot-et-Garonne;Nouvelle-Aquitaine;Agen;5361;333417;622
48;Lozère;Occitanie;Mende;5167;76309;148
49;Maine-et-Loire;Pays de la Loire;Angers;7172;810186;113
50;Manche;Normandie;Saint-Lô;5938;499287;841
51;Marne;Grand Est;Châlons-en-Champagne;8162;572293;701
52;Haute-Marne;Grand Est;Chaumont;6211;179154;288
53;Mayenne;Pays de la Loire;Laval;5175;307940;595
54;Meurthe-et-Moselle;Grand Est;Nancy;5246;734403;140
55;Meuse;Grand Est;Bar-le-Duc;6211;190626;307
56;Morbihan;Bretagne;Vannes;6823;744813;1092
57;Moselle;Grand Est;Metz;6216;1044486;168
58;Nièvre;Bourgogne-Franche-Comté;Nevers;6817;211747;311
59;Nord;Hauts-de-France;Lille;5743;2605238;4537
60;Oise;Hauts-de-France;Beauvais;5860;821552;1402
61;Orne;Normandie;Alençon;6103;286618;47
62;Pas-de-Calais;Hauts-de-France;Arras;6671;1472648;2207
63;Puy-de-Dôme;Auvergne-Rhône-Alpes;Clermont-Ferrand;7970;647501;812
64;Pyrénées-Atlantiques;Nouvelle-Aquitaine;Pau;7645;670032;876
65;Hautes-Pyrénées;Occitanie;Tarbes;4464;228582;512
66;Pyrénées-Orientales;Occitanie;Perpignan;4116;471038;1144
67;Bas-Rhin;Grand Est;Strasbourg;4755;1116658;2348
68;Haut-Rhin;Grand Est;Colmar;3525;762607;2163
69;Rhône;Auvergne-Rhône-Alpes;Lyon;3249;1821995;5608
70;Haute-Saône;Bourgogne-Franche-Comté;Vesoul;5360;237706;443
71;Saône-et-Loire;Bourgogne-Franche-Comté;Mâcon;8575;555408;648
72;Sarthe;Pays de la Loire;Le Mans;6206;568445;916
73;Savoie;Auvergne-Rhône-Alpes;Chambéry;6028;428204;71
74;Haute-Savoie;Auvergne-Rhône-Alpes;Annecy;4388;793938;1809
75;Paris;Ile-de-France;Paris;105;2206488;209344
76;Seine-Maritime;Normandie;Rouen;6278;1257699;2003
77;Seine-et-Marne;Ile-de-France;Melun;5915;1390121;235
78;Yvelines;Ile-de-France;Versailles;2284;1427291;6248
79;Deux-Sèvres;Nouvelle-Aquitaine;Niort;5999;374435;624
80;Somme;Hauts-de-France;Amiens;6170;571879;927
81;Tarn;Occitanie;Albi;5758;386543;671
82;Tarn-et-Garonne;Occitanie;Montauban;3718;255274;687
83;Var;Provence-Alpes-Côte d'Azur;Toulon;5973;1048652;1756
84;Vaucluse;Provence-Alpes-Côte d'Azur;Avignon;3567;557548;1563
85;Vandée;Pays de la Loire;La Roche-sur-Yon;6720;666714;992
86;Vienne;Nouvelle-Aquitaine;Poitiers;6990;434887;622
87;Haute-Vienne;Nouvelle-Aquitaine;Limoges;5520;375795;681
88;Vosges;Grand Est;Épinal;5874;372016;633
89;Yonne;Bourgogne-Franche-Comté;Auxerre;7427;340903;459
90;Territoire de Belfort;Bourgogne-Franche-Comté;Belfort;609;144483;2371
91;Essonne;Ile-de-France;Évry;1804;1276233;7073
92;Hauts-de-Seine;Ile-de-France;Nanterre;176;1601569;91206
93;Seine-St-Denis;Ile-de-France;Bobigny;236;1592663;67429
94;Val-de-Marne;Ile-de-France;Créteil;245;1372389;56016
95;Val-D'Oise;Ile-de-France;Pontoise;1246;1215390;9755
971;Guadeloupe;Guadeloupe;Basse-Terre;1628;397990;2444
972;Martinique;Martinique;Fort-de-France;1128;380877;3377
973;Guyane;Guyane;Cayenne;83534;259865;31
974;La Réunion;La Réunion;Saint-Denis;2504;850727;3398
976;Mayotte;Mayotte;Dzaoudzi;376;256518;6822
;;;;;;
fichier téléchargé depuis le site regions-et-departements.fr;;;;;;
